Unnamed: 0,Gender,Married,Dependents,Education,Self_Employed,Applicant_Income,Coapplicant_Income,Loan_Amount,Term,Credit_History,Area,Status,Total_Income
0,Male,No,0,Graduate,No,584900,0.0,15000000,360.0,1.0,Urban,1,584900.0
1,Male,Yes,1,Graduate,No,458300,150800.0,12800000,360.0,1.0,Rural,0,609100.0
2,Male,Yes,0,Graduate,Yes,300000,0.0,6600000,360.0,1.0,Urban,1,300000.0
3,Male,Yes,0,Not Graduate,No,258300,235800.0,12000000,360.0,1.0,Urban,1,494100.0
4,Male,No,0,Graduate,No,600000,0.0,14100000,360.0,1.0,Urban,1,600000.0
5,Male,Yes,2,Graduate,Yes,541700,419600.0,26700000,360.0,1.0,Urban,1,961300.0
6,Male,Yes,0,Not Graduate,No,233300,151600.0,9500000,360.0,1.0,Urban,1,384900.0
7,Male,Yes,3+,Graduate,No,303600,250400.0,15800000,360.0,0.0,Semiurban,0,554000.0
8,Male,Yes,2,Graduate,No,400600,152600.0,16800000,360.0,1.0,Urban,1,553200.0
9,Male,Yes,1,Graduate,No,1284100,1096800.0,34900000,360.0,1.0,Semiurban,0,2380900.0
10,Male,Yes,2,Graduate,No,320000,70000.0,7000000,360.0,1.0,Urban,1,390000.0
11,Male,Yes,2,Graduate,No,250000,184000.0,10900000,360.0,1.0,Urban,1,434000.0
12,Male,Yes,2,Graduate,No,307300,810600.0,20000000,360.0,1.0,Urban,1,1117900.0
13,Male,No,0,Graduate,No,185300,284000.0,11400000,360.0,1.0,Rural,0,469300.0
14,Male,Yes,2,Graduate,No,129900,108600.0,1700000,120.0,1.0,Urban,1,238500.0
15,Male,No,0,Graduate,No,495000,0.0,12500000,360.0,1.0,Urban,1,495000.0
16,Male,No,1,Not Graduate,No,359600,0.0,10000000,240.0,1.0,Urban,1,359600.0
17,Female,No,0,Graduate,No,351000,0.0,7600000,360.0,0.0,Urban,0,351000.0
18,Male,Yes,0,Not Graduate,No,488700,0.0,13300000,360.0,1.0,Rural,0,488700.0
19,Male,Yes,0,Graduate,No,260000,350000.0,11500000,360.0,1.0,Urban,1,610000.0
20,Male,Yes,0,Not Graduate,No,766000,0.0,10400000,360.0,0.0,Urban,0,766000.0
21,Male,Yes,1,Graduate,No,595500,562500.0,31500000,360.0,1.0,Urban,1,1158000.0
22,Male,Yes,0,Not Graduate,No,260000,191100.0,11600000,360.0,0.0,Semiurban,0,451100.0
23,Male,Yes,2,Not Graduate,No,336500,191700.0,11200000,360.0,0.0,Rural,0,528200.0
24,Male,Yes,1,Graduate,No,371700,292500.0,15100000,360.0,1.0,Semiurban,0,664200.0
25,Male,Yes,0,Graduate,Yes,956000,0.0,19100000,360.0,1.0,Semiurban,1,956000.0
26,Male,Yes,0,Graduate,No,279900,225300.0,12200000,360.0,1.0,Semiurban,1,505200.0
27,Male,Yes,2,Not Graduate,No,422600,104000.0,11000000,360.0,1.0,Urban,1,526600.0
28,Male,No,0,Not Graduate,No,144200,0.0,3500000,360.0,1.0,Urban,0,144200.0
29,Female,No,2,Graduate,No,375000,208300.0,12000000,360.0,1.0,Semiurban,1,583300.0
30,Male,Yes,1,Graduate,No,416600,336900.0,20100000,360.0,1.0,Urban,0,753500.0
31,Male,No,0,Graduate,No,316700,0.0,7400000,360.0,1.0,Urban,0,316700.0
32,Male,No,1,Graduate,Yes,469200,0.0,10600000,360.0,1.0,Rural,0,469200.0
33,Male,Yes,0,Graduate,No,350000,166700.0,11400000,360.0,1.0,Semiurban,1,516700.0
34,Male,No,3+,Graduate,No,1250000,300000.0,32000000,360.0,1.0,Rural,0,1550000.0
35,Male,Yes,0,Graduate,No,227500,206700.0,0,360.0,1.0,Urban,1,434200.0
36,Male,Yes,0,Graduate,No,182800,133000.0,10000000,360.0,0.0,Urban,0,315800.0
37,Female,Yes,0,Graduate,No,366700,145900.0,14400000,360.0,1.0,Semiurban,1,512600.0
38,Male,No,0,Graduate,No,416600,721000.0,18400000,360.0,1.0,Urban,1,1137600.0
39,Male,No,0,Not Graduate,No,374800,166800.0,11000000,360.0,1.0,Semiurban,1,541600.0
40,Male,No,0,Graduate,No,360000,0.0,8000000,360.0,1.0,Urban,0,360000.0
41,Male,No,0,Graduate,No,180000,121300.0,4700000,360.0,1.0,Urban,1,301300.0
42,Male,Yes,0,Graduate,No,240000,0.0,7500000,360.0,1.0,Urban,1,240000.0
43,Male,Yes,0,Graduate,No,394100,233600.0,13400000,360.0,1.0,Semiurban,1,627700.0
44,Male,Yes,0,Not Graduate,Yes,469500,0.0,9600000,360.0,1.0,Urban,1,469500.0
45,Female,No,0,Graduate,No,341000,0.0,8800000,360.0,1.0,Urban,1,341000.0
46,Male,Yes,1,Graduate,No,564900,0.0,4400000,360.0,1.0,Urban,1,564900.0
47,Male,Yes,0,Graduate,No,582100,0.0,14400000,360.0,1.0,Urban,1,582100.0
48,Female,Yes,0,Graduate,No,264500,344000.0,12000000,360.0,0.0,Urban,0,608500.0
49,Female,No,0,Graduate,No,400000,227500.0,14400000,360.0,1.0,Semiurban,1,627500.0
50,Female,Yes,0,Not Graduate,No,192800,164400.0,10000000,360.0,1.0,Semiurban,1,357200.0
51,Female,No,0,Graduate,No,308600,0.0,12000000,360.0,1.0,Semiurban,1,308600.0
52,Female,No,0,Graduate,No,423000,0.0,11200000,360.0,1.0,Semiurban,0,423000.0
53,Male,Yes,2,Graduate,No,461600,0.0,13400000,360.0,1.0,Urban,0,461600.0
54,Female,Yes,1,Graduate,Yes,1150000,0.0,28600000,360.0,0.0,Urban,0,1150000.0
55,Male,Yes,2,Graduate,No,270800,116700.0,9700000,360.0,1.0,Semiurban,1,387500.0
56,Male,Yes,0,Graduate,No,213200,159100.0,9600000,360.0,1.0,Semiurban,1,372300.0
57,Male,Yes,0,Graduate,No,336600,220000.0,13500000,360.0,1.0,Rural,0,556600.0
58,Male,Yes,1,Graduate,No,808000,225000.0,18000000,360.0,1.0,Urban,1,1033000.0
59,Male,Yes,2,Not Graduate,No,335700,285900.0,14400000,360.0,1.0,Urban,1,621600.0
60,Male,Yes,0,Graduate,No,250000,379600.0,12000000,360.0,1.0,Urban,1,629600.0
61,Male,Yes,3+,Graduate,No,302900,0.0,9900000,360.0,1.0,Urban,1,302900.0
62,Male,Yes,0,Not Graduate,Yes,260900,344900.0,16500000,180.0,0.0,Rural,0,605800.0
63,Male,Yes,1,Graduate,No,494500,0.0,0,360.0,0.0,Rural,0,494500.0
64,Female,No,0,Graduate,No,416600,0.0,11600000,360.0,0.0,Semiurban,0,416600.0
65,Male,Yes,0,Graduate,No,572600,459500.0,25800000,360.0,1.0,Semiurban,0,1032100.0
66,Male,No,0,Not Graduate,No,320000,225400.0,12600000,180.0,0.0,Urban,0,545400.0
67,Male,Yes,1,Graduate,No,1075000,0.0,31200000,360.0,1.0,Urban,1,1075000.0
68,Male,Yes,3+,Not Graduate,Yes,710000,0.0,12500000,60.0,1.0,Urban,1,710000.0
69,Female,No,0,Graduate,No,430000,0.0,13600000,360.0,0.0,Semiurban,0,430000.0
70,Male,Yes,0,Graduate,No,320800,306600.0,17200000,360.0,1.0,Urban,1,627400.0
71,Male,Yes,2,Not Graduate,Yes,187500,187500.0,9700000,360.0,1.0,Semiurban,1,375000.0
72,Male,No,0,Graduate,No,350000,0.0,8100000,300.0,1.0,Semiurban,1,350000.0
73,Male,Yes,3+,Not Graduate,No,475500,0.0,9500000,360.0,0.0,Semiurban,0,475500.0
74,Male,Yes,3+,Graduate,Yes,526600,177400.0,18700000,360.0,1.0,Semiurban,1,704000.0
75,Male,No,0,Graduate,No,375000,0.0,11300000,480.0,1.0,Urban,0,375000.0
76,Male,No,0,Graduate,No,375000,475000.0,17600000,360.0,1.0,Urban,0,850000.0
77,Male,Yes,1,Graduate,Yes,100000,302200.0,11000000,360.0,1.0,Urban,0,402200.0
78,Male,Yes,3+,Graduate,No,316700,400000.0,18000000,300.0,0.0,Semiurban,0,716700.0
79,Male,Yes,3+,Not Graduate,Yes,333300,216600.0,13000000,360.0,1.0,Semiurban,1,549900.0
80,Female,No,0,Graduate,No,384600,0.0,11100000,360.0,1.0,Semiurban,1,384600.0
81,Male,Yes,1,Graduate,Yes,239500,0.0,0,360.0,1.0,Semiurban,1,239500.0
82,Female,Yes,2,Graduate,No,137800,188100.0,16700000,360.0,1.0,Urban,0,325900.0
83,Male,Yes,0,Graduate,No,600000,225000.0,26500000,360.0,1.0,Semiurban,0,825000.0
84,Male,Yes,1,Graduate,No,398800,0.0,5000000,240.0,1.0,Urban,1,398800.0
85,Male,No,0,Graduate,No,236600,253100.0,13600000,360.0,1.0,Semiurban,1,489700.0
86,Male,Yes,2,Not Graduate,No,333300,200000.0,9900000,360.0,1.0,Semiurban,1,533300.0
87,Male,Yes,0,Graduate,No,250000,211800.0,10400000,360.0,1.0,Semiurban,1,461800.0
88,Male,No,0,Graduate,No,856600,0.0,21000000,360.0,1.0,Urban,1,856600.0
89,Male,Yes,0,Graduate,No,569500,416700.0,17500000,360.0,1.0,Semiurban,1,986200.0
90,Male,Yes,0,Graduate,No,295800,290000.0,13100000,360.0,1.0,Semiurban,1,585800.0
91,Male,Yes,2,Graduate,No,625000,565400.0,18800000,180.0,1.0,Semiurban,1,1190400.0
92,Male,Yes,2,Not Graduate,No,327300,182000.0,8100000,360.0,1.0,Urban,1,509300.0
93,Male,No,0,Graduate,No,413300,0.0,12200000,360.0,1.0,Semiurban,1,413300.0
94,Male,No,0,Not Graduate,No,362000,0.0,2500000,120.0,1.0,Semiurban,1,362000.0
95,Male,No,0,Graduate,No,678200,0.0,0,360.0,1.0,Urban,0,678200.0
96,Female,Yes,0,Graduate,No,248400,230200.0,13700000,360.0,1.0,Semiurban,1,478600.0
97,Male,Yes,0,Graduate,No,197700,99700.0,5000000,360.0,1.0,Semiurban,1,297400.0
98,Male,Yes,0,Not Graduate,No,418800,0.0,11500000,180.0,1.0,Semiurban,1,418800.0
99,Male,Yes,0,Graduate,No,175900,354100.0,13100000,360.0,1.0,Semiurban,1,530000.0
100,Male,Yes,2,Not Graduate,No,428800,326300.0,13300000,180.0,1.0,Urban,1,755100.0
101,Male,No,0,Graduate,No,484300,380600.0,15100000,360.0,1.0,Semiurban,1,864900.0
102,Male,Yes,0,Graduate,No,1365000,0.0,0,360.0,1.0,Urban,1,1365000.0
103,Male,Yes,0,Graduate,No,465200,358300.0,0,360.0,1.0,Semiurban,1,823500.0
104,Male,Yes,0,Graduate,No,381600,75400.0,16000000,360.0,1.0,Urban,1,457000.0
105,Male,Yes,1,Graduate,No,305200,103000.0,10000000,360.0,1.0,Urban,1,408200.0
106,Male,Yes,2,Graduate,No,1141700,112600.0,22500000,360.0,1.0,Urban,1,1254300.0
107,Male,No,0,Not Graduate,No,733300,0.0,12000000,360.0,1.0,Rural,0,733300.0
108,Male,Yes,2,Graduate,No,380000,360000.0,21600000,360.0,0.0,Urban,0,740000.0
109,Male,Yes,3+,Not Graduate,No,207100,75400.0,9400000,480.0,1.0,Semiurban,1,282500.0
110,Male,No,0,Graduate,No,531600,0.0,13600000,360.0,1.0,Urban,1,531600.0
111,Female,Yes,0,Graduate,No,292900,233300.0,13900000,360.0,1.0,Semiurban,1,526200.0
112,Male,Yes,0,Not Graduate,No,357200,411400.0,15200000,360.0,0.0,Rural,0,768600.0
113,Female,No,1,Graduate,Yes,745100,0.0,0,360.0,1.0,Semiurban,1,745100.0
114,Male,No,0,Graduate,No,505000,0.0,11800000,360.0,1.0,Semiurban,1,505000.0
115,Male,Yes,1,Graduate,No,1458300,0.0,18500000,180.0,1.0,Rural,1,1458300.0
116,Female,Yes,0,Graduate,No,316700,228300.0,15400000,360.0,1.0,Semiurban,1,545000.0
117,Male,Yes,1,Graduate,No,221400,139800.0,8500000,360.0,1.0,Urban,1,361200.0
118,Male,Yes,0,Graduate,No,556800,214200.0,17500000,360.0,1.0,Rural,0,771000.0
119,Female,No,0,Graduate,No,1040800,0.0,25900000,360.0,1.0,Urban,1,1040800.0
120,Male,Yes,0,Graduate,No,566700,266700.0,18000000,360.0,1.0,Rural,1,833400.0
121,Female,No,0,Graduate,No,416600,0.0,4400000,360.0,1.0,Semiurban,1,416600.0
122,Female,No,0,Graduate,No,213700,898000.0,13700000,360.0,0.0,Semiurban,1,1111700.0
123,Male,Yes,2,Graduate,No,295700,0.0,8100000,360.0,1.0,Semiurban,1,295700.0
124,Male,Yes,0,Not Graduate,No,430000,201400.0,19400000,360.0,1.0,Rural,1,631400.0
125,Female,No,0,Graduate,No,369200,0.0,9300000,360.0,1.0,Rural,1,369200.0
126,Male,Yes,3+,Graduate,No,2380300,0.0,37000000,360.0,1.0,Rural,1,2380300.0
127,Male,No,0,Graduate,No,386500,164000.0,0,360.0,1.0,Rural,1,550500.0
128,Male,Yes,1,Graduate,Yes,1051300,385000.0,16000000,180.0,0.0,Urban,0,1436300.0
129,Male,Yes,0,Graduate,No,608000,256900.0,18200000,360.0,1.0,Rural,0,864900.0
130,Male,No,0,Graduate,Yes,2016600,0.0,65000000,480.0,1.0,Urban,1,2016600.0
131,Male,No,0,Graduate,No,201400,192900.0,7400000,360.0,1.0,Urban,1,394300.0
132,Male,No,0,Graduate,No,271800,0.0,7000000,360.0,1.0,Semiurban,1,271800.0
133,Male,Yes,0,Graduate,Yes,345900,0.0,2500000,120.0,1.0,Semiurban,1,345900.0
134,Male,No,0,Graduate,No,489500,0.0,10200000,360.0,1.0,Semiurban,1,489500.0
135,Male,Yes,3+,Graduate,No,400000,775000.0,29000000,360.0,1.0,Semiurban,0,1175000.0
136,Female,Yes,0,Graduate,No,458300,0.0,8400000,360.0,1.0,Rural,0,458300.0
137,Male,Yes,2,Graduate,Yes,331600,350000.0,8800000,360.0,1.0,Urban,1,681600.0
138,Male,No,0,Graduate,No,1499900,0.0,24200000,360.0,0.0,Semiurban,0,1499900.0
139,Male,Yes,2,Not Graduate,No,420000,143000.0,12900000,360.0,1.0,Rural,0,563000.0
140,Male,Yes,2,Graduate,No,504200,208300.0,18500000,360.0,1.0,Rural,0,712500.0
141,Male,No,0,Graduate,No,541700,0.0,16800000,360.0,1.0,Urban,1,541700.0
142,Male,No,0,Graduate,Yes,695000,0.0,17500000,180.0,1.0,Semiurban,1,695000.0
143,Male,Yes,0,Graduate,No,269800,203400.0,12200000,360.0,1.0,Semiurban,1,473200.0
144,Male,Yes,2,Graduate,No,1175700,0.0,18700000,180.0,1.0,Urban,1,1175700.0
145,Female,Yes,0,Graduate,No,233000,448600.0,10000000,360.0,1.0,Semiurban,1,681600.0
146,Female,Yes,2,Graduate,No,1486600,0.0,7000000,360.0,1.0,Urban,1,1486600.0
147,Male,Yes,1,Graduate,No,153800,142500.0,3000000,360.0,1.0,Urban,1,296300.0
148,Female,No,0,Graduate,No,1000000,166600.0,22500000,360.0,1.0,Rural,0,1166600.0
149,Male,Yes,0,Graduate,No,486000,83000.0,12500000,360.0,1.0,Semiurban,1,569000.0
150,Male,No,0,Graduate,No,627700,0.0,11800000,360.0,0.0,Rural,0,627700.0
151,Male,Yes,0,Graduate,Yes,257700,375000.0,15200000,360.0,1.0,Rural,1,632700.0
152,Male,No,0,Graduate,No,916600,0.0,24400000,360.0,1.0,Urban,0,916600.0
153,Male,Yes,2,Not Graduate,No,228100,0.0,11300000,360.0,1.0,Rural,0,228100.0
154,Male,No,0,Graduate,No,325400,0.0,5000000,360.0,1.0,Urban,1,325400.0
155,Male,Yes,3+,Graduate,No,3999900,0.0,60000000,180.0,0.0,Semiurban,1,3999900.0
156,Male,Yes,1,Graduate,No,600000,0.0,16000000,360.0,1.0,Rural,1,600000.0
157,Male,Yes,1,Graduate,No,953800,0.0,18700000,360.0,1.0,Urban,1,953800.0
158,Male,No,0,Graduate,No,298000,208300.0,12000000,360.0,1.0,Rural,1,506300.0
159,Male,Yes,0,Graduate,No,458300,562500.0,25500000,360.0,1.0,Semiurban,1,1020800.0
160,Male,Yes,0,Not Graduate,No,186300,104100.0,9800000,360.0,1.0,Semiurban,1,290400.0
161,Male,Yes,0,Graduate,No,793300,0.0,27500000,360.0,1.0,Urban,0,793300.0
162,Male,Yes,1,Graduate,No,308900,128000.0,12100000,360.0,0.0,Semiurban,0,436900.0
163,Male,Yes,2,Graduate,No,416700,144700.0,15800000,360.0,1.0,Rural,1,561400.0
164,Male,Yes,0,Graduate,No,932300,0.0,7500000,180.0,1.0,Urban,1,932300.0
165,Male,Yes,0,Graduate,No,370700,316600.0,18200000,360.0,1.0,Rural,1,687300.0
166,Female,Yes,0,Graduate,No,458300,0.0,11200000,360.0,1.0,Rural,0,458300.0
167,Male,Yes,0,Graduate,No,243900,333300.0,12900000,360.0,1.0,Rural,1,577200.0
168,Male,No,0,Graduate,No,223700,0.0,6300000,480.0,0.0,Semiurban,0,223700.0
169,Male,Yes,2,Graduate,No,800000,0.0,20000000,360.0,1.0,Semiurban,1,800000.0
170,Male,Yes,0,Not Graduate,No,182000,176900.0,9500000,360.0,1.0,Rural,1,358900.0
171,Male,Yes,3+,Graduate,No,5176300,0.0,70000000,300.0,1.0,Urban,1,5176300.0
172,Male,Yes,3+,Not Graduate,No,352200,0.0,8100000,180.0,1.0,Rural,0,352200.0
173,Male,Yes,0,Graduate,No,570800,562500.0,18700000,360.0,1.0,Semiurban,1,1133300.0
174,Male,Yes,0,Not Graduate,Yes,434400,73600.0,8700000,360.0,1.0,Semiurban,0,508000.0
175,Male,Yes,0,Graduate,No,349700,196400.0,11600000,360.0,1.0,Rural,1,546100.0
176,Male,Yes,2,Graduate,No,204500,161900.0,10100000,360.0,1.0,Rural,1,366400.0
177,Male,Yes,3+,Graduate,No,551600,1130000.0,49500000,360.0,0.0,Semiurban,0,1681600.0
178,Male,Yes,1,Graduate,No,375000,0.0,11600000,360.0,1.0,Semiurban,1,375000.0
179,Male,No,0,Not Graduate,No,233300,145100.0,10200000,480.0,0.0,Urban,0,378400.0
180,Male,Yes,1,Graduate,No,640000,725000.0,18000000,360.0,0.0,Urban,0,1365000.0
181,Male,No,0,Graduate,No,191600,506300.0,6700000,360.0,1.0,Rural,0,697900.0
182,Male,Yes,0,Graduate,No,460000,0.0,7300000,180.0,1.0,Semiurban,1,460000.0
183,Male,Yes,1,Graduate,No,3384600,0.0,26000000,360.0,1.0,Semiurban,0,3384600.0
184,Female,Yes,0,Graduate,No,362500,0.0,10800000,360.0,1.0,Semiurban,1,362500.0
185,Male,Yes,0,Graduate,Yes,3914700,475000.0,12000000,360.0,1.0,Semiurban,1,4389700.0
186,Male,Yes,1,Graduate,Yes,217800,0.0,6600000,300.0,0.0,Rural,0,217800.0
187,Male,Yes,0,Graduate,No,238300,213800.0,5800000,360.0,1.0,Rural,1,452100.0
188,Male,Yes,0,Graduate,Yes,67400,529600.0,16800000,360.0,1.0,Rural,1,597000.0
189,Male,Yes,0,Graduate,No,932800,0.0,18800000,180.0,1.0,Rural,1,932800.0
190,Male,No,0,Not Graduate,No,488500,0.0,4800000,360.0,1.0,Rural,1,488500.0
191,Male,No,0,Graduate,No,1200000,0.0,16400000,360.0,1.0,Semiurban,0,1200000.0
192,Male,Yes,0,Not Graduate,No,603300,0.0,16000000,360.0,1.0,Urban,0,603300.0
193,Male,No,0,Graduate,No,385800,0.0,7600000,360.0,1.0,Semiurban,1,385800.0
194,Male,No,0,Graduate,No,419100,0.0,12000000,360.0,1.0,Rural,1,419100.0
195,Male,Yes,1,Graduate,No,312500,258300.0,17000000,360.0,1.0,Semiurban,0,570800.0
196,Male,No,0,Graduate,No,833300,375000.0,18700000,360.0,1.0,Rural,1,1208300.0
197,Female,No,0,Not Graduate,No,190700,236500.0,12000000,360.0,1.0,Urban,1,427200.0
198,Female,Yes,0,Graduate,No,341600,281600.0,11300000,360.0,1.0,Semiurban,1,623200.0
199,Male,No,0,Graduate,Yes,1100000,0.0,8300000,360.0,1.0,Urban,0,1100000.0
200,Male,Yes,1,Not Graduate,No,260000,250000.0,9000000,360.0,1.0,Semiurban,1,510000.0
201,Male,No,2,Graduate,No,492300,0.0,16600000,360.0,0.0,Semiurban,1,492300.0
202,Male,Yes,3+,Not Graduate,No,399200,0.0,0,180.0,1.0,Urban,0,399200.0
203,Male,Yes,1,Not Graduate,No,350000,108300.0,13500000,360.0,1.0,Urban,1,458300.0
204,Male,Yes,2,Not Graduate,No,391700,0.0,12400000,360.0,1.0,Semiurban,1,391700.0
205,Female,No,0,Not Graduate,No,440800,0.0,12000000,360.0,1.0,Semiurban,1,440800.0
206,Female,No,0,Graduate,No,324400,0.0,8000000,360.0,1.0,Urban,1,324400.0
207,Male,No,0,Not Graduate,No,397500,253100.0,5500000,360.0,1.0,Rural,1,650600.0
208,Male,No,0,Graduate,No,247900,0.0,5900000,360.0,1.0,Urban,1,247900.0
209,Male,No,0,Graduate,No,341800,0.0,12700000,360.0,1.0,Semiurban,0,341800.0
210,Female,No,0,Graduate,No,1000000,0.0,21400000,360.0,1.0,Semiurban,0,1000000.0
211,Male,Yes,3+,Graduate,No,343000,125000.0,12800000,360.0,0.0,Semiurban,0,468000.0
212,Male,Yes,1,Graduate,Yes,778700,0.0,24000000,360.0,1.0,Urban,1,778700.0
213,Male,Yes,3+,Not Graduate,Yes,570300,0.0,13000000,360.0,1.0,Rural,1,570300.0
214,Male,Yes,0,Graduate,No,317300,302100.0,13700000,360.0,1.0,Urban,1,619400.0
215,Male,Yes,3+,Not Graduate,No,385000,98300.0,10000000,360.0,1.0,Semiurban,1,483300.0
216,Male,Yes,0,Graduate,No,15000,180000.0,13500000,360.0,1.0,Rural,0,195000.0
217,Male,Yes,0,Graduate,No,372700,177500.0,13100000,360.0,1.0,Semiurban,1,550200.0
218,Male,Yes,2,Graduate,No,500000,0.0,7200000,360.0,0.0,Semiurban,0,500000.0
219,Female,Yes,2,Graduate,No,428300,238300.0,12700000,360.0,1.0,Semiurban,1,666600.0
220,Male,Yes,0,Graduate,No,222100,0.0,6000000,360.0,0.0,Urban,0,222100.0
221,Male,Yes,2,Graduate,No,400900,171700.0,11600000,360.0,1.0,Semiurban,1,572600.0
222,Male,No,0,Graduate,No,297100,279100.0,14400000,360.0,1.0,Semiurban,1,576200.0
223,Male,Yes,0,Graduate,No,757800,101000.0,17500000,360.0,1.0,Semiurban,1,858800.0
224,Male,Yes,0,Graduate,No,625000,0.0,12800000,360.0,1.0,Semiurban,1,625000.0
225,Male,Yes,0,Graduate,No,325000,0.0,17000000,360.0,1.0,Rural,0,325000.0
226,Male,Yes,0,Not Graduate,Yes,473500,0.0,13800000,360.0,1.0,Urban,0,473500.0
227,Male,Yes,2,Graduate,No,625000,169500.0,21000000,360.0,1.0,Semiurban,1,794500.0
228,Male,Yes,0,Graduate,No,475800,0.0,15800000,480.0,1.0,Semiurban,1,475800.0
229,Male,No,0,Graduate,Yes,640000,0.0,20000000,360.0,1.0,Rural,1,640000.0
230,Male,Yes,1,Graduate,No,249100,205400.0,10400000,360.0,1.0,Semiurban,1,454500.0
231,Male,Yes,0,Graduate,No,371600,0.0,4200000,180.0,1.0,Rural,1,371600.0
232,Male,No,0,Not Graduate,No,318900,259800.0,12000000,360.0,1.0,Rural,1,578700.0
233,Female,No,0,Graduate,No,833300,0.0,28000000,360.0,1.0,Semiurban,1,833300.0
234,Male,Yes,1,Graduate,No,315500,177900.0,14000000,360.0,1.0,Semiurban,1,493400.0
235,Male,Yes,1,Graduate,No,550000,126000.0,17000000,360.0,1.0,Rural,1,676000.0
236,Male,Yes,0,Graduate,No,574600,0.0,25500000,360.0,1.0,Urban,0,574600.0
237,Female,No,0,Graduate,Yes,346300,0.0,12200000,360.0,1.0,Urban,1,346300.0
238,Female,No,1,Graduate,No,381200,0.0,11200000,360.0,1.0,Rural,1,381200.0
239,Male,Yes,1,Graduate,No,331500,0.0,9600000,360.0,1.0,Semiurban,1,331500.0
240,Male,Yes,2,Graduate,No,581900,500000.0,12000000,360.0,1.0,Rural,1,1081900.0
241,Male,Yes,1,Not Graduate,No,251000,198300.0,14000000,180.0,1.0,Urban,0,449300.0
242,Male,No,0,Graduate,No,296500,570100.0,15500000,60.0,1.0,Urban,1,866600.0
243,Male,Yes,2,Graduate,Yes,625000,130000.0,10800000,360.0,1.0,Rural,1,755000.0
244,Male,Yes,0,Not Graduate,No,340600,441700.0,12300000,360.0,1.0,Semiurban,1,782300.0
245,Male,No,0,Graduate,Yes,605000,433300.0,12000000,180.0,1.0,Urban,0,1038300.0
246,Male,Yes,2,Graduate,No,970300,0.0,11200000,360.0,1.0,Urban,1,970300.0
247,Male,Yes,1,Not Graduate,No,660800,0.0,13700000,180.0,1.0,Urban,1,660800.0
248,Male,Yes,1,Graduate,No,288200,184300.0,12300000,480.0,1.0,Semiurban,1,472500.0
249,Male,Yes,0,Graduate,No,180900,186800.0,9000000,360.0,1.0,Urban,1,367700.0
250,Male,Yes,0,Not Graduate,No,166800,389000.0,20100000,360.0,0.0,Semiurban,0,555800.0
251,Female,No,2,Graduate,No,342700,0.0,13800000,360.0,1.0,Urban,0,342700.0
252,Male,No,0,Not Graduate,Yes,258300,216700.0,10400000,360.0,1.0,Rural,1,475000.0
253,Male,Yes,1,Not Graduate,No,266100,710100.0,27900000,180.0,1.0,Semiurban,1,976200.0
254,Male,No,0,Graduate,Yes,1625000,0.0,19200000,360.0,0.0,Urban,0,1625000.0
255,Female,No,3+,Graduate,No,308300,0.0,25500000,360.0,1.0,Rural,1,308300.0
256,Male,No,0,Not Graduate,No,604500,0.0,11500000,360.0,0.0,Rural,0,604500.0
257,Male,Yes,3+,Graduate,No,525000,0.0,9400000,360.0,1.0,Urban,0,525000.0
258,Male,Yes,0,Graduate,No,1468300,210000.0,30400000,360.0,1.0,Rural,0,1678300.0
259,Male,Yes,3+,Not Graduate,No,493100,0.0,12800000,360.0,1.0,Semiurban,0,493100.0
260,Male,Yes,1,Graduate,No,608300,425000.0,33000000,360.0,1.0,Urban,1,1033300.0
261,Male,No,0,Graduate,No,206000,220900.0,13400000,360.0,1.0,Semiurban,1,426900.0
262,Female,No,1,Graduate,No,348100,0.0,15500000,36.0,1.0,Semiurban,0,348100.0
263,Female,No,0,Graduate,No,720000,0.0,12000000,360.0,1.0,Rural,1,720000.0
264,Male,No,0,Graduate,Yes,516600,0.0,12800000,360.0,1.0,Semiurban,1,516600.0
265,Male,No,0,Graduate,No,409500,344700.0,15100000,360.0,1.0,Rural,1,754200.0
266,Male,Yes,2,Graduate,No,470800,138700.0,15000000,360.0,1.0,Semiurban,1,609500.0
267,Male,Yes,3+,Graduate,No,433300,181100.0,16000000,360.0,0.0,Urban,1,614400.0
268,Female,No,0,Graduate,No,341800,0.0,13500000,360.0,1.0,Rural,0,341800.0
269,Female,No,1,Graduate,No,287600,156000.0,9000000,360.0,1.0,Urban,1,443600.0
270,Female,No,0,Graduate,No,323700,0.0,3000000,360.0,1.0,Urban,1,323700.0
271,Male,Yes,0,Graduate,No,1114600,0.0,13600000,360.0,1.0,Urban,1,1114600.0
272,Male,No,0,Graduate,No,283300,185700.0,12600000,360.0,1.0,Rural,1,469000.0
273,Male,Yes,0,Graduate,No,262000,222300.0,15000000,360.0,1.0,Semiurban,1,484300.0
274,Male,Yes,2,Graduate,No,390000,0.0,9000000,360.0,1.0,Semiurban,1,390000.0
275,Male,Yes,1,Graduate,No,275000,184200.0,11500000,360.0,1.0,Semiurban,1,459200.0
276,Male,Yes,0,Graduate,No,399300,327400.0,20700000,360.0,1.0,Semiurban,1,726700.0
277,Male,Yes,0,Graduate,No,310300,130000.0,8000000,360.0,1.0,Urban,1,440300.0
278,Male,Yes,0,Graduate,No,1458300,0.0,43600000,360.0,1.0,Semiurban,1,1458300.0
279,Female,Yes,0,Not Graduate,No,410000,0.0,12400000,360.0,1.0,Rural,1,410000.0
280,Male,No,1,Not Graduate,Yes,405300,242600.0,15800000,360.0,0.0,Urban,0,647900.0
281,Male,Yes,0,Graduate,No,392700,80000.0,11200000,360.0,1.0,Semiurban,1,472700.0
282,Male,Yes,2,Graduate,No,230100,98579.99878,7800000,180.0,1.0,Urban,1,328679.99878
283,Female,No,0,Graduate,No,181100,166600.0,5400000,360.0,1.0,Urban,1,347700.0
284,Male,Yes,0,Graduate,No,2066700,0.0,0,360.0,1.0,Rural,0,2066700.0
285,Male,No,0,Graduate,No,315800,305300.0,8900000,360.0,1.0,Rural,1,621100.0
286,Female,No,0,Graduate,Yes,260000,171700.0,9900000,300.0,1.0,Semiurban,0,431700.0
287,Male,Yes,0,Graduate,No,370400,200000.0,12000000,360.0,1.0,Rural,1,570400.0
288,Female,No,0,Graduate,No,412400,0.0,11500000,360.0,1.0,Semiurban,1,412400.0
289,Male,No,0,Graduate,No,950800,0.0,18700000,360.0,1.0,Rural,1,950800.0
290,Male,Yes,0,Graduate,No,307500,241600.0,13900000,360.0,1.0,Rural,1,549100.0
291,Male,Yes,2,Graduate,No,440000,0.0,12700000,360.0,0.0,Semiurban,0,440000.0
292,Male,Yes,2,Graduate,No,315300,156000.0,13400000,360.0,1.0,Urban,1,471300.0
293,Female,No,0,Graduate,No,541700,0.0,14300000,480.0,0.0,Urban,0,541700.0
294,Male,Yes,0,Graduate,No,238300,333400.0,17200000,360.0,1.0,Semiurban,1,571700.0
295,Male,Yes,3+,Graduate,No,441600,125000.0,11000000,360.0,1.0,Urban,1,566600.0
296,Male,Yes,1,Graduate,No,687500,0.0,20000000,360.0,1.0,Semiurban,1,687500.0
297,Female,Yes,1,Graduate,No,466600,0.0,13500000,360.0,1.0,Urban,1,466600.0
298,Female,No,0,Graduate,No,500000,254100.0,15100000,480.0,1.0,Rural,0,754100.0
299,Male,Yes,1,Graduate,No,201400,292500.0,11300000,360.0,1.0,Urban,0,493900.0
300,Male,Yes,0,Not Graduate,No,180000,293400.0,9300000,360.0,0.0,Urban,0,473400.0
301,Male,Yes,0,Not Graduate,No,287500,175000.0,10500000,360.0,1.0,Semiurban,1,462500.0
302,Female,No,0,Graduate,No,500000,0.0,13200000,360.0,1.0,Rural,1,500000.0
303,Male,Yes,1,Graduate,No,162500,180300.0,9600000,360.0,1.0,Urban,1,342800.0
304,Male,No,0,Graduate,No,400000,250000.0,14000000,360.0,1.0,Rural,1,650000.0
305,Male,No,0,Not Graduate,No,200000,0.0,0,360.0,1.0,Urban,0,200000.0
306,Female,No,0,Graduate,No,376200,166600.0,13500000,360.0,1.0,Rural,1,542800.0
307,Female,No,0,Graduate,No,240000,186300.0,10400000,360.0,0.0,Urban,0,426300.0
308,Male,No,0,Graduate,No,2023300,0.0,48000000,360.0,1.0,Rural,0,2023300.0
309,Male,Yes,2,Not Graduate,No,766700,0.0,18500000,360.0,1.0,Rural,1,766700.0
310,Female,No,0,Graduate,No,291700,0.0,8400000,360.0,1.0,Semiurban,1,291700.0
311,Male,No,0,Not Graduate,No,292700,240500.0,11100000,360.0,1.0,Semiurban,1,533200.0
312,Female,No,0,Graduate,No,250700,0.0,5600000,360.0,1.0,Rural,1,250700.0
313,Male,Yes,2,Graduate,Yes,574600,0.0,14400000,84.0,1.0,Rural,1,574600.0
314,Male,Yes,0,Graduate,No,247300,184300.0,15900000,360.0,1.0,Rural,0,431600.0
315,Male,Yes,1,Not Graduate,No,339900,164000.0,11100000,180.0,1.0,Urban,1,503900.0
316,Male,Yes,2,Graduate,No,371700,0.0,12000000,360.0,1.0,Semiurban,1,371700.0
317,Male,Yes,0,Graduate,No,205800,213400.0,8800000,360.0,1.0,Urban,1,419200.0
318,Female,No,1,Graduate,No,354100,0.0,11200000,360.0,1.0,Semiurban,1,354100.0
319,Male,Yes,1,Graduate,Yes,1000000,0.0,15500000,360.0,1.0,Rural,0,1000000.0
320,Male,Yes,0,Graduate,No,240000,216700.0,11500000,360.0,1.0,Semiurban,1,456700.0
321,Male,Yes,3+,Graduate,No,434200,18900.0,12400000,360.0,1.0,Semiurban,1,453100.0
322,Male,Yes,2,Not Graduate,No,360100,159000.0,0,360.0,1.0,Rural,1,519100.0
323,Female,No,0,Graduate,No,316600,298500.0,13200000,360.0,1.0,Rural,1,615100.0
324,Male,Yes,3+,Graduate,No,1500000,0.0,30000000,360.0,1.0,Rural,1,1500000.0
325,Male,Yes,1,Graduate,Yes,866600,498300.0,37600000,360.0,0.0,Rural,0,1364900.0
326,Male,No,0,Graduate,No,491700,0.0,13000000,360.0,0.0,Rural,1,491700.0
327,Male,Yes,0,Graduate,Yes,581800,216000.0,18400000,360.0,1.0,Semiurban,1,797800.0
328,Female,Yes,0,Graduate,No,433300,245100.0,11000000,360.0,1.0,Urban,0,678400.0
329,Female,No,0,Graduate,No,250000,0.0,6700000,360.0,1.0,Urban,1,250000.0
330,Male,No,1,Graduate,No,438400,179300.0,11700000,360.0,1.0,Urban,1,617700.0
331,Male,No,0,Graduate,No,293500,0.0,9800000,360.0,1.0,Semiurban,1,293500.0
332,Male,No,0,Graduate,No,283300,0.0,7100000,360.0,1.0,Urban,1,283300.0
333,Male,Yes,0,Graduate,No,6333700,0.0,49000000,180.0,1.0,Urban,1,6333700.0
334,Male,Yes,1,Graduate,Yes,983300,183300.0,18200000,180.0,1.0,Urban,1,1166600.0
335,Male,Yes,0,Graduate,Yes,550300,449000.0,7000000,360.0,1.0,Semiurban,1,999300.0
336,Male,Yes,1,Graduate,No,525000,68800.0,16000000,360.0,1.0,Rural,1,593800.0
337,Male,Yes,2,Graduate,Yes,250000,460000.0,17600000,360.0,1.0,Rural,1,710000.0
338,Female,No,3+,Not Graduate,No,183000,0.0,0,360.0,0.0,Urban,0,183000.0
339,Female,No,0,Graduate,No,416000,0.0,7100000,360.0,1.0,Semiurban,1,416000.0
340,Male,Yes,3+,Not Graduate,No,264700,158700.0,17300000,360.0,1.0,Rural,0,423400.0
341,Female,No,0,Graduate,No,237800,0.0,4600000,360.0,1.0,Rural,0,237800.0
342,Male,Yes,1,Not Graduate,No,455400,122900.0,15800000,360.0,1.0,Urban,1,578300.0
343,Male,Yes,3+,Not Graduate,No,317300,0.0,7400000,360.0,1.0,Semiurban,1,317300.0
344,Male,Yes,2,Graduate,No,258300,233000.0,12500000,360.0,1.0,Rural,1,491300.0
345,Male,Yes,0,Graduate,No,249900,245800.0,16000000,360.0,1.0,Semiurban,1,495700.0
346,Male,Yes,0,Not Graduate,No,352300,323000.0,15200000,360.0,0.0,Rural,0,675300.0
347,Male,Yes,2,Not Graduate,No,308300,216800.0,12600000,360.0,1.0,Urban,1,525100.0
348,Male,Yes,0,Graduate,No,633300,458300.0,25900000,360.0,1.0,Semiurban,1,1091600.0
349,Male,Yes,0,Graduate,No,262500,625000.0,18700000,360.0,1.0,Rural,1,887500.0
350,Male,Yes,0,Graduate,No,908300,0.0,22800000,360.0,1.0,Semiurban,1,908300.0
351,Male,No,0,Graduate,No,875000,416700.0,30800000,360.0,1.0,Rural,0,1291700.0
352,Male,Yes,3+,Graduate,No,266600,208300.0,9500000,360.0,1.0,Rural,1,474900.0
353,Female,Yes,0,Graduate,Yes,550000,0.0,10500000,360.0,0.0,Rural,0,550000.0
354,Female,Yes,0,Graduate,No,242300,50500.0,13000000,360.0,1.0,Semiurban,1,292800.0
355,Female,No,0,Graduate,No,381300,0.0,11600000,180.0,1.0,Urban,1,381300.0
356,Male,Yes,2,Graduate,No,833300,316700.0,16500000,360.0,1.0,Rural,1,1150000.0
357,Male,Yes,1,Graduate,No,387500,0.0,6700000,360.0,1.0,Urban,0,387500.0
358,Male,Yes,0,Not Graduate,No,300000,166600.0,10000000,480.0,0.0,Urban,0,466600.0
359,Male,Yes,3+,Graduate,No,516700,316700.0,20000000,360.0,1.0,Semiurban,1,833400.0
360,Female,No,1,Graduate,No,472300,0.0,8100000,360.0,1.0,Semiurban,0,472300.0
361,Male,Yes,2,Graduate,No,500000,366700.0,23600000,360.0,1.0,Semiurban,1,866700.0
362,Male,Yes,0,Graduate,No,475000,233300.0,13000000,360.0,1.0,Urban,1,708300.0
363,Male,Yes,0,Graduate,No,301300,303300.0,9500000,300.0,1.0,Urban,1,604600.0
364,Male,No,0,Graduate,Yes,682200,0.0,14100000,360.0,1.0,Rural,1,682200.0
365,Male,No,0,Not Graduate,No,621600,0.0,13300000,360.0,1.0,Rural,0,621600.0
366,Male,No,0,Graduate,No,250000,0.0,9600000,480.0,1.0,Semiurban,0,250000.0
367,Male,No,0,Graduate,No,512400,0.0,12400000,360.0,0.0,Rural,0,512400.0
368,Male,Yes,1,Graduate,No,632500,0.0,17500000,360.0,1.0,Semiurban,1,632500.0
369,Male,Yes,0,Graduate,No,1973000,526600.0,57000000,360.0,1.0,Rural,0,2499600.0
370,Female,No,0,Graduate,Yes,1575900,0.0,5500000,360.0,1.0,Semiurban,1,1575900.0
371,Male,Yes,2,Graduate,No,518500,0.0,15500000,360.0,1.0,Semiurban,1,518500.0
372,Male,Yes,2,Graduate,Yes,932300,787300.0,38000000,300.0,1.0,Rural,1,1719600.0
373,Male,No,1,Graduate,No,306200,198700.0,11100000,180.0,0.0,Urban,0,504900.0
374,Female,No,0,Graduate,No,276400,145900.0,11000000,360.0,1.0,Urban,1,422300.0
375,Male,Yes,0,Graduate,No,481700,92300.0,12000000,180.0,1.0,Urban,1,574000.0
376,Male,Yes,3+,Graduate,No,875000,499600.0,13000000,360.0,1.0,Rural,1,1374600.0
377,Male,Yes,0,Graduate,No,431000,0.0,13000000,360.0,1.0,Semiurban,1,431000.0
378,Male,No,0,Graduate,No,306900,0.0,7100000,480.0,1.0,Urban,0,306900.0
379,Male,Yes,2,Graduate,No,539100,0.0,13000000,360.0,1.0,Urban,1,539100.0
380,Male,Yes,0,Graduate,No,333300,250000.0,12800000,360.0,1.0,Semiurban,1,583300.0
381,Male,No,0,Graduate,No,594100,423200.0,29600000,360.0,1.0,Semiurban,1,1017300.0
382,Female,No,0,Graduate,No,600000,0.0,15600000,360.0,1.0,Urban,1,600000.0
383,Male,No,0,Graduate,Yes,716700,0.0,12800000,360.0,1.0,Urban,1,716700.0
384,Male,Yes,2,Graduate,No,456600,0.0,10000000,360.0,1.0,Urban,0,456600.0
385,Male,No,1,Graduate,No,366700,0.0,11300000,180.0,1.0,Urban,1,366700.0
386,Male,No,0,Not Graduate,No,234600,160000.0,13200000,360.0,1.0,Semiurban,1,394600.0
387,Male,Yes,0,Not Graduate,No,301000,313600.0,0,360.0,0.0,Urban,0,614600.0
388,Male,Yes,0,Graduate,No,233300,241700.0,13600000,360.0,1.0,Urban,1,475000.0
389,Male,Yes,0,Graduate,No,548800,0.0,12500000,360.0,1.0,Rural,1,548800.0
390,Male,No,3+,Graduate,No,916700,0.0,18500000,360.0,1.0,Rural,1,916700.0
391,Male,Yes,3+,Graduate,No,950400,0.0,27500000,360.0,1.0,Rural,1,950400.0
392,Male,Yes,0,Graduate,No,258300,211500.0,12000000,360.0,1.0,Urban,1,469800.0
393,Male,Yes,2,Not Graduate,No,199300,162500.0,11300000,180.0,1.0,Semiurban,1,361800.0
394,Male,Yes,2,Graduate,No,310000,140000.0,11300000,360.0,1.0,Urban,1,450000.0
395,Male,Yes,2,Graduate,No,327600,48400.0,13500000,360.0,1.0,Semiurban,1,376000.0
396,Female,No,0,Graduate,No,318000,0.0,7100000,360.0,0.0,Urban,0,318000.0
397,Male,Yes,0,Graduate,No,303300,145900.0,9500000,360.0,1.0,Urban,1,449200.0
398,Male,No,0,Not Graduate,No,390200,166600.0,10900000,360.0,1.0,Rural,1,556800.0
399,Female,No,0,Graduate,No,150000,180000.0,10300000,360.0,0.0,Semiurban,0,330000.0
400,Male,Yes,2,Not Graduate,No,288900,0.0,4500000,180.0,0.0,Urban,0,288900.0
401,Male,No,0,Not Graduate,No,275500,0.0,6500000,300.0,1.0,Rural,0,275500.0
402,Male,No,0,Graduate,No,250000,2000000.0,10300000,360.0,1.0,Semiurban,1,2250000.0
403,Female,No,0,Not Graduate,No,196300,0.0,5300000,360.0,1.0,Semiurban,1,196300.0
404,Female,No,0,Graduate,Yes,744100,0.0,19400000,360.0,1.0,Rural,0,744100.0
405,Female,No,0,Graduate,No,454700,0.0,11500000,360.0,1.0,Semiurban,1,454700.0
406,Male,Yes,0,Not Graduate,No,216700,240000.0,11500000,360.0,1.0,Urban,1,456700.0
407,Female,No,0,Not Graduate,No,221300,0.0,6600000,360.0,1.0,Rural,1,221300.0
408,Male,Yes,1,Graduate,No,830000,0.0,15200000,300.0,0.0,Semiurban,0,830000.0
409,Male,Yes,3+,Graduate,No,8100000,0.0,36000000,360.0,0.0,Rural,0,8100000.0
410,Female,No,1,Not Graduate,Yes,386700,0.0,6200000,360.0,1.0,Semiurban,0,386700.0
411,Male,Yes,0,Graduate,No,625600,0.0,16000000,360.0,1.0,Urban,1,625600.0
412,Male,Yes,0,Not Graduate,No,609600,0.0,21800000,360.0,0.0,Rural,0,609600.0
413,Male,Yes,0,Not Graduate,No,225300,203300.0,11000000,360.0,1.0,Rural,1,428600.0
414,Female,Yes,0,Not Graduate,No,214900,323700.0,17800000,360.0,0.0,Semiurban,0,538600.0
415,Female,No,0,Graduate,No,299500,0.0,6000000,360.0,1.0,Urban,1,299500.0
416,Female,No,1,Graduate,No,260000,0.0,16000000,360.0,1.0,Urban,0,260000.0
417,Male,Yes,2,Graduate,Yes,160000,2000000.0,23900000,360.0,1.0,Urban,0,2160000.0
418,Male,Yes,0,Graduate,No,102500,277300.0,11200000,360.0,1.0,Rural,1,379800.0
419,Male,Yes,0,Graduate,No,324600,141700.0,13800000,360.0,1.0,Semiurban,1,466300.0
420,Male,Yes,0,Graduate,No,582900,0.0,13800000,360.0,1.0,Rural,1,582900.0
421,Female,No,0,Not Graduate,No,272000,0.0,8000000,360.0,0.0,Urban,0,272000.0
422,Male,Yes,0,Graduate,No,182000,171900.0,10000000,360.0,1.0,Urban,1,353900.0
423,Male,Yes,1,Graduate,No,725000,166700.0,11000000,360.0,0.0,Urban,0,891700.0
424,Male,Yes,0,Graduate,No,1488000,0.0,9600000,360.0,1.0,Semiurban,1,1488000.0
425,Male,Yes,0,Graduate,No,266600,430000.0,12100000,360.0,1.0,Rural,1,696600.0
426,Female,No,1,Not Graduate,No,460600,0.0,8100000,360.0,1.0,Rural,0,460600.0
427,Male,Yes,2,Graduate,No,593500,0.0,13300000,360.0,1.0,Semiurban,1,593500.0
428,Male,Yes,0,Graduate,No,292000,1612.000084,8700000,360.0,1.0,Rural,1,293612.000084
429,Male,No,0,Not Graduate,No,271700,0.0,6000000,180.0,1.0,Urban,1,271700.0
430,Female,No,1,Graduate,Yes,862400,0.0,15000000,360.0,1.0,Semiurban,1,862400.0
431,Male,No,0,Graduate,No,650000,0.0,10500000,360.0,0.0,Rural,0,650000.0
432,Male,No,0,Graduate,No,1287600,0.0,40500000,360.0,1.0,Semiurban,1,1287600.0
433,Male,Yes,0,Graduate,No,242500,234000.0,14300000,360.0,1.0,Semiurban,1,476500.0
434,Male,No,0,Graduate,No,375000,0.0,10000000,360.0,1.0,Urban,1,375000.0
435,Female,Yes,0,Graduate,No,1004700,0.0,0,240.0,1.0,Semiurban,1,1004700.0
436,Male,No,0,Graduate,No,192600,185100.0,5000000,360.0,1.0,Semiurban,1,377700.0
437,Male,Yes,0,Graduate,No,221300,112500.0,0,360.0,1.0,Urban,1,333800.0
438,Male,No,0,Graduate,Yes,1041600,0.0,18700000,360.0,0.0,Urban,0,1041600.0
439,Female,Yes,0,Not Graduate,Yes,714200,0.0,13800000,360.0,1.0,Rural,1,714200.0
440,Male,No,0,Graduate,No,366000,506400.0,18700000,360.0,1.0,Semiurban,1,872400.0
441,Male,Yes,0,Graduate,No,790100,183300.0,18000000,360.0,1.0,Rural,1,973400.0
442,Male,No,3+,Not Graduate,No,470700,199300.0,14800000,360.0,1.0,Semiurban,1,670000.0
443,Male,No,1,Graduate,No,3771900,0.0,15200000,360.0,1.0,Semiurban,1,3771900.0
444,Male,Yes,0,Graduate,No,733300,833300.0,17500000,300.0,1.0,Rural,1,1566600.0
445,Male,Yes,1,Graduate,Yes,346600,121000.0,13000000,360.0,1.0,Rural,1,467600.0
446,Male,Yes,2,Not Graduate,No,465200,0.0,11000000,360.0,1.0,Rural,1,465200.0
447,Male,Yes,0,Graduate,No,353900,137600.0,5500000,360.0,1.0,Rural,0,491500.0
448,Male,Yes,2,Graduate,No,334000,171000.0,15000000,360.0,0.0,Rural,0,505000.0
449,Male,No,1,Not Graduate,Yes,276900,154200.0,19000000,360.0,1.0,Semiurban,0,431100.0
450,Male,Yes,2,Not Graduate,No,230900,125500.0,12500000,360.0,0.0,Rural,0,356400.0
451,Male,Yes,2,Not Graduate,No,195800,145600.0,6000000,300.0,1.0,Urban,1,341400.0
452,Male,Yes,0,Graduate,No,394800,173300.0,14900000,360.0,0.0,Rural,0,568100.0
453,Male,Yes,0,Graduate,No,248300,246600.0,9000000,180.0,0.0,Rural,1,494900.0
454,Male,No,0,Graduate,Yes,708500,0.0,8400000,360.0,1.0,Semiurban,1,708500.0
455,Male,Yes,2,Graduate,No,385900,0.0,9600000,360.0,1.0,Semiurban,1,385900.0
456,Male,Yes,0,Graduate,No,430100,0.0,11800000,360.0,1.0,Urban,1,430100.0
457,Male,Yes,0,Graduate,No,370800,256900.0,17300000,360.0,1.0,Urban,0,627700.0
458,Male,No,2,Graduate,No,435400,0.0,13600000,360.0,1.0,Rural,1,435400.0
459,Male,Yes,0,Graduate,No,833400,0.0,16000000,360.0,1.0,Semiurban,0,833400.0
460,Male,Yes,0,Graduate,Yes,208300,408300.0,16000000,360.0,1.0,Semiurban,1,616600.0
461,Male,Yes,3+,Graduate,No,774000,0.0,12800000,180.0,1.0,Urban,1,774000.0
462,Male,Yes,0,Graduate,No,301500,218800.0,15300000,360.0,1.0,Rural,1,520300.0
463,Female,No,1,Not Graduate,No,519100,0.0,13200000,360.0,1.0,Semiurban,1,519100.0
464,Male,No,0,Graduate,No,416600,0.0,9800000,360.0,0.0,Semiurban,0,416600.0
465,Male,No,0,Graduate,No,600000,0.0,14000000,360.0,1.0,Rural,1,600000.0
466,Male,Yes,3+,Not Graduate,No,294700,166400.0,7000000,180.0,0.0,Urban,0,461100.0
467,Male,Yes,0,Graduate,No,1669200,0.0,11000000,360.0,1.0,Semiurban,1,1669200.0
468,Female,Yes,2,Not Graduate,No,21000,291700.0,9800000,360.0,1.0,Semiurban,1,312700.0
469,Male,Yes,0,Graduate,No,433300,245100.0,11000000,360.0,1.0,Urban,0,678400.0
470,Male,Yes,1,Graduate,Yes,345000,207900.0,16200000,360.0,1.0,Semiurban,1,552900.0
471,Male,Yes,1,Not Graduate,No,265300,150000.0,11300000,180.0,0.0,Rural,0,415300.0
472,Male,Yes,3+,Graduate,No,469100,0.0,10000000,360.0,1.0,Semiurban,1,469100.0
473,Female,No,0,Graduate,Yes,250000,0.0,9300000,360.0,1.0,Urban,1,250000.0
474,Male,No,2,Graduate,No,553200,464800.0,16200000,360.0,1.0,Rural,1,1018000.0
475,Male,Yes,2,Graduate,Yes,1652500,101400.0,15000000,360.0,1.0,Rural,1,1753900.0
476,Male,Yes,2,Graduate,No,670000,175000.0,23000000,300.0,1.0,Semiurban,1,845000.0
477,Male,Yes,2,Graduate,No,287300,187200.0,13200000,360.0,0.0,Semiurban,0,474500.0
478,Male,Yes,1,Graduate,Yes,1666700,225000.0,8600000,360.0,1.0,Semiurban,1,1891700.0
479,Male,Yes,2,Graduate,No,294700,160300.0,0,360.0,1.0,Urban,0,455000.0
480,Female,No,0,Not Graduate,No,435000,0.0,15400000,360.0,1.0,Rural,1,435000.0
481,Male,Yes,3+,Not Graduate,No,309500,0.0,11300000,360.0,1.0,Rural,1,309500.0
482,Male,Yes,0,Graduate,No,208300,315000.0,12800000,360.0,1.0,Semiurban,1,523300.0
483,Male,Yes,0,Graduate,No,1083300,0.0,23400000,360.0,1.0,Semiurban,1,1083300.0
484,Male,Yes,2,Graduate,No,833300,0.0,24600000,360.0,1.0,Semiurban,1,833300.0
485,Male,Yes,1,Not Graduate,No,195800,243600.0,13100000,360.0,1.0,Rural,1,439400.0
486,Male,No,2,Graduate,No,354700,0.0,8000000,360.0,0.0,Rural,0,354700.0
487,Male,Yes,1,Graduate,No,1833300,0.0,50000000,360.0,1.0,Urban,0,1833300.0
488,Male,Yes,2,Graduate,Yes,458300,208300.0,16000000,360.0,1.0,Semiurban,1,666600.0
489,Male,No,0,Graduate,No,243500,0.0,7500000,360.0,1.0,Urban,0,243500.0
490,Male,No,0,Not Graduate,No,269900,278500.0,9600000,360.0,1.0,Semiurban,1,548400.0
491,Male,Yes,1,Not Graduate,No,533300,113100.0,18600000,360.0,1.0,Urban,1,646400.0
492,Male,No,0,Not Graduate,No,369100,0.0,11000000,360.0,1.0,Rural,1,369100.0
493,Female,No,0,Not Graduate,Yes,1726300,0.0,22500000,360.0,1.0,Semiurban,1,1726300.0
494,Male,Yes,0,Graduate,No,359700,215700.0,11900000,360.0,0.0,Rural,0,575400.0
495,Female,Yes,1,Graduate,No,332600,91300.0,10500000,84.0,1.0,Semiurban,1,423900.0
496,Male,Yes,0,Not Graduate,No,260000,170000.0,10700000,360.0,1.0,Rural,1,430000.0
497,Male,Yes,0,Graduate,No,462500,285700.0,11100000,12.0,1.0,Urban,1,748200.0
498,Male,Yes,1,Graduate,Yes,289500,0.0,9500000,360.0,1.0,Semiurban,1,289500.0
499,Male,No,0,Graduate,No,628300,441600.0,20900000,360.0,0.0,Rural,0,1069900.0
500,Female,No,0,Graduate,No,64500,368300.0,11300000,480.0,1.0,Rural,1,432800.0
501,Female,No,0,Graduate,No,315900,0.0,10000000,360.0,1.0,Semiurban,1,315900.0
502,Male,Yes,2,Graduate,No,486500,562400.0,20800000,360.0,1.0,Semiurban,1,1048900.0
503,Male,Yes,1,Not Graduate,No,405000,530200.0,13800000,360.0,1.0,Rural,0,935200.0
504,Male,Yes,0,Not Graduate,No,381400,148300.0,12400000,300.0,1.0,Semiurban,1,529700.0
505,Male,Yes,2,Graduate,No,351000,441600.0,24300000,360.0,1.0,Rural,1,792600.0
506,Male,Yes,0,Graduate,No,2083300,666700.0,48000000,360.0,1.0,Urban,1,2750000.0
507,Male,No,0,Graduate,No,358300,0.0,9600000,360.0,1.0,Urban,0,358300.0
508,Male,Yes,0,Graduate,Yes,247900,301300.0,18800000,360.0,1.0,Urban,1,549200.0
509,Female,No,1,Graduate,No,1326200,0.0,4000000,360.0,1.0,Urban,1,1326200.0
510,Male,No,0,Not Graduate,No,359800,128700.0,10000000,360.0,1.0,Rural,0,488500.0
511,Male,Yes,1,Graduate,No,606500,200400.0,25000000,360.0,1.0,Semiurban,1,806900.0
512,Male,Yes,2,Graduate,No,328300,203500.0,14800000,360.0,1.0,Urban,1,531800.0
513,Male,Yes,0,Graduate,No,213000,666600.0,7000000,180.0,1.0,Semiurban,0,879600.0
514,Male,No,0,Graduate,No,581500,366600.0,31100000,360.0,1.0,Rural,0,948100.0
515,Male,Yes,3+,Graduate,No,346600,342800.0,15000000,360.0,1.0,Rural,1,689400.0
516,Female,Yes,2,Graduate,No,203100,163200.0,11300000,480.0,1.0,Semiurban,1,366300.0
517,Male,Yes,0,Not Graduate,No,307400,180000.0,12300000,360.0,0.0,Semiurban,0,487400.0
518,Male,No,0,Graduate,No,468300,191500.0,18500000,360.0,1.0,Semiurban,0,659800.0
519,Female,No,0,Not Graduate,No,340000,0.0,9500000,360.0,1.0,Rural,0,340000.0
520,Male,Yes,2,Not Graduate,No,219200,174200.0,4500000,360.0,1.0,Semiurban,1,393400.0
521,Male,No,0,Graduate,No,250000,0.0,5500000,360.0,1.0,Semiurban,1,250000.0
522,Male,Yes,3+,Graduate,Yes,567700,142400.0,10000000,360.0,1.0,Rural,1,710100.0
523,Male,Yes,2,Graduate,Yes,794800,716600.0,48000000,360.0,1.0,Rural,1,1511400.0
524,Male,No,0,Graduate,No,468000,208700.0,0,360.0,1.0,Semiurban,0,676700.0
525,Male,Yes,2,Graduate,Yes,1750000,0.0,40000000,360.0,1.0,Rural,1,1750000.0
526,Male,Yes,0,Graduate,No,377500,0.0,11000000,360.0,1.0,Semiurban,1,377500.0
527,Male,Yes,1,Not Graduate,No,528500,143000.0,16100000,360.0,0.0,Semiurban,1,671500.0
528,Male,No,1,Not Graduate,No,267900,130200.0,9400000,360.0,1.0,Semiurban,1,398100.0
529,Male,No,0,Not Graduate,No,678300,0.0,13000000,360.0,1.0,Semiurban,1,678300.0
530,Male,Yes,0,Graduate,No,102500,550000.0,21600000,360.0,1.0,Rural,1,652500.0
531,Male,Yes,3+,Graduate,No,428100,0.0,10000000,360.0,1.0,Urban,1,428100.0
532,Male,No,2,Graduate,No,358800,0.0,11000000,360.0,0.0,Rural,0,358800.0
533,Male,No,1,Graduate,No,1125000,0.0,19600000,360.0,1.0,Semiurban,0,1125000.0
534,Female,No,0,Not Graduate,Yes,1816500,0.0,12500000,360.0,1.0,Urban,1,1816500.0
535,Male,No,0,Not Graduate,No,255000,204200.0,12600000,360.0,1.0,Rural,1,459200.0
536,Male,Yes,0,Graduate,No,613300,390600.0,32400000,360.0,1.0,Urban,1,1003900.0
537,Male,No,2,Graduate,No,361700,0.0,10700000,360.0,1.0,Semiurban,1,361700.0
538,Male,Yes,0,Not Graduate,No,291700,53600.0,6600000,360.0,1.0,Rural,0,345300.0
539,Male,Yes,3+,Graduate,No,641700,0.0,15700000,180.0,1.0,Rural,1,641700.0
540,Female,Yes,1,Graduate,No,460800,284500.0,14000000,180.0,1.0,Semiurban,1,745300.0
541,Female,No,0,Graduate,No,213800,0.0,9900000,360.0,0.0,Semiurban,0,213800.0
542,Female,No,1,Graduate,No,365200,0.0,9500000,360.0,1.0,Semiurban,1,365200.0
543,Male,Yes,1,Not Graduate,No,223900,252400.0,12800000,360.0,1.0,Urban,1,476300.0
544,Female,Yes,0,Not Graduate,No,301700,66300.0,10200000,360.0,1.0,Semiurban,1,368000.0
545,Male,Yes,0,Graduate,No,276800,195000.0,15500000,360.0,1.0,Rural,1,471800.0
546,Male,No,0,Not Graduate,No,335800,0.0,8000000,36.0,1.0,Semiurban,0,335800.0
547,Male,No,0,Graduate,No,252600,178300.0,14500000,360.0,1.0,Rural,1,430900.0
548,Female,No,0,Graduate,No,500000,0.0,10300000,360.0,0.0,Semiurban,0,500000.0
549,Male,Yes,0,Graduate,No,278500,201600.0,11000000,360.0,1.0,Rural,1,480100.0
550,Male,Yes,2,Graduate,Yes,663300,0.0,0,360.0,0.0,Rural,0,663300.0
551,Male,Yes,1,Not Graduate,No,249200,237500.0,0,360.0,1.0,Rural,1,486700.0
552,Male,Yes,1,Graduate,No,333300,325000.0,15800000,360.0,1.0,Urban,1,658300.0
553,Male,Yes,0,Not Graduate,No,245400,233300.0,18100000,360.0,0.0,Urban,0,478700.0
554,Male,Yes,0,Graduate,No,359300,426600.0,13200000,180.0,0.0,Rural,0,785900.0
555,Male,Yes,1,Graduate,No,546800,103200.0,2600000,360.0,1.0,Semiurban,1,650000.0
556,Female,No,0,Graduate,No,266700,162500.0,8400000,360.0,1.0,Urban,1,429200.0
557,Male,Yes,3+,Graduate,Yes,1013900,0.0,26000000,360.0,1.0,Semiurban,1,1013900.0
558,Male,Yes,0,Graduate,No,388700,266900.0,16200000,360.0,1.0,Semiurban,1,655600.0
559,Female,Yes,0,Graduate,No,418000,230600.0,18200000,360.0,1.0,Semiurban,1,648600.0
560,Male,Yes,2,Not Graduate,No,367500,24200.0,10800000,360.0,1.0,Semiurban,1,391700.0
561,Female,Yes,1,Graduate,Yes,1948400,0.0,60000000,360.0,1.0,Semiurban,1,1948400.0
562,Male,Yes,0,Graduate,No,592300,205400.0,21100000,360.0,1.0,Rural,1,797700.0
563,Male,No,0,Not Graduate,Yes,580000,0.0,13200000,360.0,1.0,Semiurban,1,580000.0
564,Male,Yes,2,Graduate,No,879900,0.0,25800000,360.0,0.0,Urban,0,879900.0
565,Male,Yes,0,Not Graduate,No,446700,0.0,12000000,360.0,1.0,Rural,1,446700.0
566,Male,No,0,Graduate,No,333300,0.0,7000000,360.0,1.0,Urban,1,333300.0
567,Male,Yes,3+,Graduate,No,340000,250000.0,12300000,360.0,0.0,Rural,0,590000.0
568,Female,No,0,Graduate,No,237800,0.0,900000,360.0,1.0,Urban,0,237800.0
569,Male,Yes,0,Graduate,No,316600,206400.0,10400000,360.0,0.0,Urban,0,523000.0
570,Male,Yes,1,Graduate,No,341700,175000.0,18600000,360.0,1.0,Urban,1,516700.0
571,Male,Yes,0,Graduate,No,511600,145100.0,16500000,360.0,0.0,Urban,0,656700.0
572,Male,Yes,2,Graduate,No,1666600,0.0,27500000,360.0,1.0,Urban,1,1666600.0
573,Male,Yes,2,Not Graduate,No,612500,162500.0,18700000,480.0,1.0,Semiurban,0,775000.0
574,Male,Yes,3+,Graduate,No,640600,0.0,15000000,360.0,1.0,Semiurban,0,640600.0
575,Male,Yes,2,Graduate,No,315900,46100.0,10800000,84.0,1.0,Urban,1,362000.0
576,Male,Yes,0,Graduate,No,308700,221000.0,13600000,360.0,0.0,Semiurban,0,529700.0
577,Male,No,0,Graduate,No,322900,273900.0,11000000,360.0,1.0,Urban,1,596800.0
578,Male,Yes,1,Graduate,No,178200,223200.0,10700000,360.0,1.0,Rural,1,401400.0
579,Male,No,0,Graduate,No,318200,291700.0,16100000,360.0,1.0,Urban,1,609900.0
580,Male,Yes,2,Graduate,No,654000,0.0,20500000,360.0,1.0,Semiurban,1,654000.0
581,Male,No,0,Graduate,No,183600,3383700.0,9000000,360.0,1.0,Urban,0,3567300.0
582,Female,Yes,0,Graduate,No,316600,0.0,3600000,360.0,1.0,Semiurban,1,316600.0
583,Male,Yes,1,Graduate,No,188000,0.0,6100000,360.0,1.0,Rural,0,188000.0
584,Male,Yes,1,Graduate,No,278700,191700.0,14600000,360.0,0.0,Rural,0,470400.0
585,Male,Yes,1,Graduate,No,428300,300000.0,17200000,84.0,1.0,Rural,0,728300.0
586,Male,Yes,0,Graduate,No,229700,152200.0,10400000,360.0,1.0,Urban,1,381900.0
587,Female,No,0,Not Graduate,No,216500,0.0,7000000,360.0,1.0,Semiurban,1,216500.0
588,Male,No,0,Graduate,No,475000,0.0,9400000,360.0,1.0,Semiurban,1,475000.0
589,Male,Yes,2,Graduate,Yes,272600,0.0,10600000,360.0,0.0,Semiurban,0,272600.0
590,Male,Yes,0,Graduate,No,300000,341600.0,5600000,180.0,1.0,Semiurban,1,641600.0
591,Male,Yes,2,Graduate,Yes,600000,0.0,20500000,240.0,1.0,Semiurban,0,600000.0
592,Male,No,3+,Graduate,Yes,935700,0.0,29200000,360.0,1.0,Semiurban,1,935700.0
593,Male,Yes,0,Graduate,No,385900,330000.0,14200000,180.0,1.0,Rural,1,715900.0
594,Male,Yes,0,Graduate,Yes,1612000,0.0,26000000,360.0,1.0,Urban,1,1612000.0
595,Male,No,0,Not Graduate,No,383300,0.0,11000000,360.0,1.0,Rural,1,383300.0
596,Male,Yes,2,Not Graduate,Yes,638300,100000.0,18700000,360.0,1.0,Rural,0,738300.0
597,Male,No,0,Graduate,No,298700,0.0,8800000,360.0,0.0,Semiurban,0,298700.0
598,Male,Yes,0,Graduate,Yes,996300,0.0,18000000,360.0,1.0,Rural,1,996300.0
599,Male,Yes,2,Graduate,No,578000,0.0,19200000,360.0,1.0,Urban,1,578000.0
600,Female,No,3+,Graduate,No,41600,4166700.0,35000000,180.0,1.0,Urban,0,4208300.0
601,Male,Yes,0,Not Graduate,No,289400,279200.0,15500000,360.0,1.0,Rural,1,568600.0
602,Male,Yes,3+,Graduate,No,570300,0.0,12800000,360.0,1.0,Urban,1,570300.0
603,Male,No,0,Graduate,No,367600,430100.0,17200000,360.0,1.0,Rural,1,797700.0
604,Female,Yes,1,Graduate,No,1200000,0.0,49600000,360.0,1.0,Semiurban,1,1200000.0
605,Male,Yes,0,Not Graduate,No,240000,380000.0,0,180.0,1.0,Urban,0,620000.0
606,Male,Yes,1,Graduate,No,340000,250000.0,17300000,360.0,1.0,Semiurban,1,590000.0
607,Male,Yes,2,Not Graduate,No,398700,141100.0,15700000,360.0,1.0,Rural,1,539800.0
608,Male,Yes,0,Graduate,No,323200,195000.0,10800000,360.0,1.0,Rural,1,518200.0
609,Female,No,0,Graduate,No,290000,0.0,7100000,360.0,1.0,Rural,1,290000.0
610,Male,Yes,3+,Graduate,No,410600,0.0,4000000,180.0,1.0,Rural,1,410600.0
611,Male,Yes,1,Graduate,No,807200,24000.0,25300000,360.0,1.0,Urban,1,831200.0
612,Male,Yes,2,Graduate,No,758300,0.0,18700000,360.0,1.0,Urban,1,758300.0
613,Female,No,0,Graduate,Yes,458300,0.0,13300000,360.0,0.0,Semiurban,0,458300.0
